num neighbors,mean error
1,8.5
2,9.825
3,8.8
4,9.475000000000003
5,8.649999999999999
6,8.925
7,8.9
8,9.125000000000002
9,8.75
10,9.225000000000001
11,8.75
12,8.9
13,8.949999999999998
14,8.949999999999998
15,8.9
16,9.075000000000003
17,8.975
18,9.15
19,8.925
20,9.074999999999998
