num neighbors,mean error
1,9.432591697200923
2,10.171533260302947
3,9.30211914025611
4,9.845484078117329
5,9.323782722018661
6,9.671533260302951
7,9.128168322441734
8,9.736807313111473
9,9.236958410455937
10,9.997639103992748
11,9.541211800702602
12,10.301892494239414
13,9.606410304838889
14,10.454104181619009
15,10.106334756166662
16,10.649699694027875
17,10.106315868998603
18,10.780191138140749
19,10.497620216824687
20,10.910607033581385
