num neighbors,mean error
1,8.932799456049562
2,10.584614512899934
3,9.367487628904922
4,10.106561402183356
5,9.063347561666605
6,9.976391039927474
7,9.802477996449213
8,10.085048917765269
9,9.737222830808745
10,10.150134098893213
11,9.541646205567936
12,9.911041438446718
13,9.454689683828807
14,10.258754202394893
15,9.715427038869793
16,9.997941298681678
17,9.650228534733502
18,10.30213802742417
19,10.01964265478034
20,10.432535035696747
